"Path","Platform","Compiled","Cooked","Permutations","Compiletime","CompiledDouble","CookedDouble"
"/Engine/EngineMaterials/DefaultTextMaterialOpaque.DefaultTextMaterialOpaque","0","0","38","1","0.000000","0","0"
"/Engine/EngineMaterials/WorldGridMaterial.WorldGridMaterial","0","0","904","1","0.000000","0","92"
"/Engine/EngineMaterials/DefaultDeferredDecalMaterial.DefaultDeferredDecalMaterial","0","0","148","1","0.000000","0","0"
"/Engine/EngineMaterials/DefaultLightFunctionMaterial.DefaultLightFunctionMaterial","0","0","20","1","0.000000","0","0"
"/Engine/EngineMaterials/DefaultPostProcessMaterial.DefaultPostProcessMaterial","0","0","10","1","0.000000","0","0"
"/Engine/EngineMaterials/BaseFlattenMaterial.BaseFlattenMaterial","0","0","51","1","0.000000","0","0"
"/Engine/VREditor/TransformGizmo/Main.Main","0","0","10","1","0.000000","0","0"
"/Engine/VREditor/TransformGizmo/Xray.Xray","0","0","15","1","0.000000","0","0"
"/Engine/EngineMaterials/Widget3DPassThrough.Widget3DPassThrough","0","0","86","6","0.000000","0","0"
"/Engine/VREditor/TransformGizmo/TransformGizmoMaterial.TransformGizmoMaterial","0","0","4","1","0.000000","0","0"
"/Engine/VREditor/TransformGizmo/TranslucentTransformGizmoMaterial.TranslucentTransformGizmoMaterial","0","0","10","1","0.000000","0","0"
"/Engine/EngineDebugMaterials/WireframeMaterial.WireframeMaterial","0","0","623","1","0.000000","0","0"
"/Engine/EditorMaterials/Camera/CineMat.CineMat","0","0","27","1","0.000000","0","0"
"/Engine/EngineDebugMaterials/M_SimpleUnlitTranslucent.M_SimpleUnlitTranslucent","0","0","10","1","0.000000","0","0"
"/Paper2D/DefaultSpriteMaterial.DefaultSpriteMaterial","0","0","66","2","0.000000","0","0"
"/Engine/EditorMaterials/PreviewShadowIndicatorMaterial.PreviewShadowIndicatorMaterial","0","0","20","1","0.000000","0","0"
"/Engine/EngineMaterials/DefaultMaterial.DefaultMaterial","0","0","128","1","0.000000","0","0"
"/Engine/EngineDebugMaterials/M_VolumeRenderSphereTracePP.M_VolumeRenderSphereTracePP","0","0","6","1","0.000000","0","0"
"/OculusVR/Materials/OculusMR_WhiteMaterial.OculusMR_WhiteMaterial","0","0","10","1","0.000000","0","0"
"/OculusVR/Materials/OculusMR_ChromaKey.OculusMR_ChromaKey","0","0","10","1","0.000000","0","0"
"/OculusVR/Materials/OculusMR_ChromaKey_Lit.OculusMR_ChromaKey_Lit","0","0","31","1","0.000000","0","0"
"/OculusVR/Materials/OculusMR_OpaqueColoredMaterial.OculusMR_OpaqueColoredMaterial","0","0","4","1","0.000000","0","0"
"/Engine/EngineMaterials/RemoveSurfaceMaterial.RemoveSurfaceMaterial","0","0","4","1","0.000000","0","0"
"/Engine/EngineDebugMaterials/DebugMeshMaterial.DebugMeshMaterial","0","0","12","1","0.000000","0","0"
"/Engine/EngineMaterials/EmissiveMeshMaterial.EmissiveMeshMaterial","0","0","12","1","0.000000","0","0"
"/Engine/EngineMaterials/M_InvalidLightmapSettings.M_InvalidLightmapSettings","0","0","29","1","0.000000","0","0"
"/Engine/EngineMaterials/GizmoMaterial.GizmoMaterial","0","0","10","1","0.000000","0","0"
"/Engine/EngineMaterials/PhAT_JointLimitMaterial.PhAT_JointLimitMaterial","0","0","20","1","0.000000","0","0"
"/Engine/EngineDebugMaterials/DebugEditorMaterial.DebugEditorMaterial","0","0","10","1","0.000000","0","0"
"/Engine/EngineSky/M_Sky_Panning_Clouds2.M_Sky_Panning_Clouds2","0","0","4","1","0.000000","0","0"
"/Game/DustinsFolder/EnemyDiedMat.EnemyDiedMat","0","0","143","1","0.000000","0","0"
"/Game/DustinsFolder/laser.laser","0","0","143","1","0.000000","0","0"
"/Game/MadisonsFolder/Textures/UFO1/TX_UFO.TX_UFO","0","0","15","1","0.000000","0","0"
"/Game/VirtualReality/Mannequin/Character/Materials/M_HandMat.M_HandMat","0","0","39","1","0.000000","0","0"
"/Game/VirtualReality/Materials/M_SplineArcMat.M_SplineArcMat","0","0","22","1","0.000000","0","0"
"/Game/VirtualReality/Materials/M_ArcEndpoint.M_ArcEndpoint","0","0","43","1","0.000000","0","0"
"/Game/VirtualReality/Materials/M_TeleportPreviews.M_TeleportPreviews","0","0","12","1","0.000000","0","0"
"/Game/DustinsFolder/ElectricLaserMat.ElectricLaserMat","0","0","143","1","0.000000","0","0"
"/Game/DustinsFolder/particlematerial.particlematerial","0","0","143","1","0.000000","0","0"
"/Niagara/DefaultAssets/DefaultRIbbonMaterial.DefaultRibbonMaterial","0","0","42","1","0.000000","0","0"
"/Game/StarterContent/Particles/Materials/M_Fire_SubUV.M_Fire_SubUV","0","0","26","1","0.000000","0","0"
"/Game/StarterContent/Particles/Materials/M_Heat_Distortion.M_Heat_Distortion","0","0","38","1","0.000000","0","0"
"/Game/StarterContent/Particles/Materials/M_Radial_Gradient.M_Radial_Gradient","0","0","34","1","0.000000","0","0"
"/Game/StarterContent/Particles/Materials/M_smoke_subUV.M_smoke_subUV","0","0","87","1","0.000000","0","0"
"/Game/DustinsFolder/BurstBullet.BurstBullet","0","0","143","1","0.000000","0","0"
"/Game/StarterContent/Materials/M_Basic_Wall.M_Basic_Wall","0","0","24","1","0.000000","0","0"
"/Game/DustinsFolder/lasersquaremat.lasersquaremat","0","0","143","1","0.000000","0","0"
"/Game/DustinsFolder/RingMat.RingMat","0","0","115","1","0.000000","0","0"
"/Game/MadisonsFolder/Meshes/Gun_BowlingPin/lambert1.lambert1","0","0","15","1","0.000000","0","0"
"/Game/MadisonsFolder/Textures/Gun1/Gun_PinShooter.Gun_PinShooter","0","0","15","1","0.000000","0","0"
"/Game/RobertFunZone/Gun/lambert1.lambert1","0","0","24","1","0.000000","0","0"
"/Game/StarterContent/Particles/Materials/M_Burst.M_Burst","0","0","32","1","0.000000","0","0"
"/Game/StarterContent/Particles/Materials/M_explosion_subUV.M_explosion_subUV","0","0","26","1","0.000000","0","0"
"/Game/StarterContent/Particles/Materials/m_flare_01.m_flare_01","0","0","34","1","0.000000","0","0"
"/Game/StarterContent/Particles/Materials/M_radial_ramp.M_radial_ramp","0","0","34","1","0.000000","0","0"
"/Game/VirtualReality/Materials/M_BaseMaterial.M_BaseMaterial","0","0","60","1","0.000000","0","0"
"/Engine/BasicShapes/BasicShapeMaterial.BasicShapeMaterial","0","68","68","1","41.943710","0","0"
"/Game/Geometry/Meshes/CubeMaterial.CubeMaterial","0","0","24","1","0.000000","0","0"
"/Game/DustinsFolder/ekectrucbean.ekectrucbean","0","0","143","1","0.000000","0","0"
"/Game/DustinsFolder/UFOTrailMat.UFOTrailMat","0","0","143","1","0.000000","0","0"
"/Niagara/DefaultAssets/DefaultSpriteMaterial.DefaultSpriteMaterial","0","0","52","1","0.000000","0","0"
"/Game/DustinsFolder/UFOSpawnTrailMat.UFOSpawnTrailMat","0","0","115","1","0.000000","0","0"
"/Game/VirtualReality/Materials/GenericHMDMaterial.GenericHMDMaterial","0","0","39","1","0.000000","0","0"
"/Game/VehicleVarietyPack/Materials/BoxTruck/M_BoxTruck_Interior.M_BoxTruck_Interior","0","0","48","1","0.000000","0","0"
"/Game/VehicleVarietyPack/Materials/BoxTruck/M_BoxTruck_Chassis.M_BoxTruck_Chassis","0","0","48","1","0.000000","0","0"
"/Game/VehicleVarietyPack/Materials/BoxTruck/M_BoxTruck_Box.M_BoxTruck_Box","0","0","48","1","0.000000","0","0"
"/Game/VehicleVarietyPack/Materials/BoxTruck/M_BoxTruck_Body.M_BoxTruck_Body","0","0","48","1","0.000000","0","0"
"/Game/VehicleVarietyPack/Materials/SUV/M_SUV_Under.M_SUV_Under","0","0","48","1","0.000000","0","0"
"/Game/VehicleVarietyPack/Materials/SUV/M_SUV_Interior.M_SUV_Interior","0","0","48","1","0.000000","0","0"
"/Game/VehicleVarietyPack/Materials/SUV/M_SUV_Body.M_SUV_Body","0","0","48","1","0.000000","0","0"
"/Game/VehicleVarietyPack/Materials/Pickup/M_Pickup_Under.M_Pickup_Under","0","0","48","1","0.000000","0","0"
"/Game/VehicleVarietyPack/Materials/SportsCar/M_SportsCar_Under.M_SportsCar_Under","0","0","48","1","0.000000","0","0"
"/Game/VehicleVarietyPack/Materials/SportsCar/M_SportsCar_Interior.M_SportsCar_Interior","0","0","48","1","0.000000","0","0"
"/Game/VehicleVarietyPack/Materials/SportsCar/M_SportsCar_Body.M_SportsCar_Body","0","0","48","1","0.000000","0","0"
"/Game/VehicleVarietyPack/Materials/Pickup/M_Pickup_Interior.M_Pickup_Interior","0","0","117","1","0.000000","0","0"
"/Game/VehicleVarietyPack/Materials/Pickup/M_Pickup_Body.M_Pickup_Body","0","0","48","1","0.000000","0","0"
"/Game/VehicleVarietyPack/Materials/Masters/M_Floor.M_Floor","0","0","24","1","0.000000","0","0"
"/Engine/EditorMeshes/ColorCalibrator/M_ChromeBall.M_ChromeBall","0","0","48","1","0.000000","0","0"
"/Game/VehicleVarietyPack/Materials/Masters/M_Glass.M_Glass","0","0","216","2","0.000000","0","0"
"/Game/VehicleVarietyPack/Materials/Hatchback/M_Hatchback_Under.M_Hatchback_Under","0","0","48","1","0.000000","0","0"
"/Game/VehicleVarietyPack/Materials/Hatchback/M_Hatchback_Interior.M_Hatchback_Interior","0","0","48","1","0.000000","0","0"
"/Game/VehicleVarietyPack/Materials/Hatchback/M_Hatchback_Body.M_Hatchback_Body","0","0","48","1","0.000000","0","0"
"/Game/Stephens_Folder/Prop_Models/Swing_Set/SwingSet_Chains.SwingSet_Chains","0","0","15","1","0.000000","0","0"
"/Game/Stephens_Folder/Prop_Models/Cars/Models/tire.tire","0","0","15","1","0.000000","0","0"
"/Game/Stephens_Folder/Prop_Models/Cars/Models/rim.rim","0","0","15","1","0.000000","0","0"
"/Game/Stephens_Folder/Prop_Models/Cars/Models/fordcoupe_headlights.fordcoupe_headlights","0","0","24","1","0.000000","0","0"
"/Game/Stephens_Folder/Prop_Models/Cars/Models/fordcoupe_grill.fordcoupe_grill","0","0","15","1","0.000000","0","0"
"/Game/Stephens_Folder/Prop_Models/Cars/Models/fordcoupe_interior.fordcoupe_interior","0","0","24","1","0.000000","0","0"
"/Game/Stephens_Folder/Prop_Models/Cars/Models/fordcoupe_glass.fordcoupe_glass","0","0","24","1","0.000000","0","0"
"/Game/Stephens_Folder/Prop_Models/Cars/Models/fordcoupe_chrome.fordcoupe_chrome","0","0","24","1","0.000000","0","0"
"/Game/Stephens_Folder/Prop_Models/Cars/Models/fordcoupe_bottom.fordcoupe_bottom","0","0","24","1","0.000000","0","0"
"/Game/Stephens_Folder/Prop_Models/Cars/Models/fordcoupe_body.fordcoupe_body","0","0","15","1","0.000000","0","0"
"/Game/StarterContent/Materials/M_CobbleStone_Pebble.M_CobbleStone_Pebble","0","0","24","1","0.000000","0","0"
"/Game/StarterContent/Materials/M_Ceramic_Tile_Checker.M_Ceramic_Tile_Checker","0","0","24","1","0.000000","0","0"
"/Game/StarterContent/Materials/M_Brick_Hewn_Stone.M_Brick_Hewn_Stone","0","0","24","1","0.000000","0","0"
"/Game/StarterContent/Materials/M_Brick_Cut_Stone.M_Brick_Cut_Stone","0","0","24","1","0.000000","0","0"
"/Game/StarterContent/Materials/M_Brick_Clay_Old.M_Brick_Clay_Old","0","0","24","1","0.000000","0","0"
"/Game/StarterContent/Materials/M_Brick_Clay_New.M_Brick_Clay_New","0","0","24","1","0.000000","0","0"
"/Game/StarterContent/Materials/M_Brick_Clay_Beveled.M_Brick_Clay_Beveled","0","0","24","1","0.000000","0","0"
"/Engine/EngineMaterials/AntiAliasedTextMaterialTranslucent.AntiAliasedTextMaterialTranslucent","0","0","33","1","0.000000","0","0"
"/Game/StarterContent/Props/Materials/M_Lamp.M_Lamp","0","0","24","1","0.000000","0","0"
"/Game/StarterContent/Particles/Materials/M_Spark.M_Spark","0","0","26","1","0.000000","0","0"
"/Game/Stephens_Folder/Hero_Models/UFO_1/MainShip_RevisedUvs.MainShip_RevisedUvs","0","0","15","1","0.000000","0","0"
"/Game/Stephens_Folder/Hero_Models/MoiveScreen/Movie_Screen_Complete.Movie_Screen_Complete","0","0","15","1","0.000000","0","0"
"/Engine/EditorMeshes/ColorCalibrator/M_GreyBall.M_GreyBall","0","0","24","1","0.000000","0","0"
"/Engine/EditorMeshes/ColorCalibrator/M_ColorGrid.M_ColorGrid","0","0","24","1","0.000000","0","0"
"/Engine/EditorMeshes/ColorCalibrator/M_ClearCoatBlack.M_ClearCoatBlack","0","0","24","1","0.000000","0","0"
"/Engine/EditorMeshes/ColorCalibrator/M_ClearCoat.M_ClearCoat","0","0","24","1","0.000000","0","0"
"/Game/StarterContent/Materials/M_AssetPlatform.M_AssetPlatform","0","0","24","1","0.000000","0","0"
"/Engine/EditorMaterials/Thumbnails/SkySphereMaterial.SkySphereMaterial","0","0","4","1","0.000000","0","0"
"/Game/StarterContent/Blueprints/Assets/M_LightStage_Skybox_Master.M_LightStage_Skybox_Master","0","0","8","2","0.000000","0","0"
"/Game/StarterContent/Blueprints/Assets/M_LightStage_Arrows.M_LightStage_Arrows","0","0","4","1","0.000000","0","0"
"/Game/Stephens_Folder/Hero_Models/Gun_1/GunMainMaterial.GunMainMaterial","0","0","24","1","0.000000","0","0"
"/Game/Stephens_Folder/Hero_Models/TestImportofGun1/Revised_Gun1Textures.Revised_Gun1Textures","0","0","24","1","0.000000","0","0"
"/Game/DustinsFolder/FireThingMat.FireThingMat","0","0","72","1","0.000000","0","0"
"/Game/MadisonsFolder/Meshes/Imports/lambert1.lambert1","0","0","24","1","0.000000","0","0"
"/Game/MadisonsFolder/NaturePackage/Materials/BaseMaterial/bese_material.bese_material","0","0","236","4","0.000000","0","0"
"/Game/MadisonsFolder/NaturePackage/Materials/BaseMaterial/Flora_back.Flora_back","0","0","334","2","0.000000","0","167"
"/Game/MadisonsFolder/NaturePackage/Materials/BaseMaterial/base_Water.base_Water","0","0","15","1","0.000000","0","0"
"/Game/MadisonsFolder/NaturePackage/Materials/BaseMaterial/Ground.Ground","0","0","24","1","0.000000","0","0"
"/Game/MadisonsFolder/NaturePackage/Materials/BaseMaterial/Sky.Sky","0","0","4","1","0.000000","0","0"
"/Game/Movies/AlienMat.AlienMat","0","24","24","1","25.047701","0","0"
"/Game/MadisonsFolder/Textures/Wall1/wall1.wall1","0","24","24","1","28.278992","0","0"
"/Game/MadisonsFolder/Textures/roof/roof.roof","0","24","24","1","26.103111","0","0"
"/Game/MadisonsFolder/Textures/mic/mic.mic","0","24","24","1","28.028898","0","0"
"/Game/MadisonsFolder/Textures/Awning/awning.awning","0","24","24","1","24.976831","0","0"
"/Game/MadisonsFolder/Material_assets/Trash.Trash","0","24","24","1","24.694250","0","0"
"/Game/MadisonsFolder/Material_assets/Table/PicnicTable_lambert1_BaseColor_1001_Mat.PicnicTable_lambert1_BaseColor_1001_Mat","0","24","24","1","26.540827","0","0"
"/Game/MadisonsFolder/Material_assets/PicnicTable.PicnicTable","0","24","24","1","28.961702","0","0"
"/Game/MadisonsFolder/Material_assets/FenceBarrier_TX_Mat.FenceBarrier_TX_Mat","0","0","24","1","0.000000","0","0"
"/Engine/TemplateResources/M_Template_Master.M_Template_Master","0","0","48","1","0.000000","0","0"
"/Game/Stephens_Folder/Hero_Models/MoiveScreen/MovieScreen.MovieScreen","0","0","24","1","0.000000","0","0"
"/Game/MadisonsFolder/NaturePackage/Materials/BaseMaterial/Flora_twoSides.Flora_twoSides","0","0","202","2","0.000000","0","101"
"/Game/MadisonsFolder/NaturePackage/Materials/ground/Terrain.Terrain","0","0","200","5","0.000000","0","0"
"/Game/MadisonsFolder/Material_assets/Landscape_mat.Landscape_mat","0","0","112","3","0.000000","0","0"
"/Game/Stephens_Folder/Car_Models/Volks_Van/Volts_Green.Volts_Green","0","15","15","1","14.785377","0","0"
"/Game/Stephens_Folder/Car_Models/Volks_Van/Volks_Rubber.Volks_Rubber","0","15","15","1","16.484259","0","0"
"/Game/Stephens_Folder/Car_Models/Volks_Van/Volks_RedLight.Volks_RedLight","0","15","15","1","15.067425","0","0"
"/Game/Stephens_Folder/Car_Models/Volks_Van/Volks_Glass.Volks_Glass","0","15","15","1","16.509552","0","0"
"/Game/Stephens_Folder/Car_Models/Volks_Van/Volks_Cream.Volks_Cream","0","15","15","1","15.400001","0","0"
"/Game/Stephens_Folder/Car_Models/Volks_Van/Volks_Chrome.Volks_Chrome","0","15","15","1","13.824811","0","0"
"/Game/Stephens_Folder/Car_Models/Updated_Jaguar/Revised_Jag_Texture.Revised_Jag_Texture","0","15","15","1","13.125321","0","0"
"/Game/Stephens_Folder/Car_Models/Updated_Jaguar/Revised_Jag_Glass_Texture.Revised_Jag_Glass_Texture","0","15","15","1","14.519923","0","0"
"/Game/Stephens_Folder/Car_Models/Revised_Jaguar_SS100/Revised_Jag_Glass_Texture.Revised_Jag_Glass_Texture","0","0","15","1","0.000000","0","0"
"/Game/Stephens_Folder/Car_Models/Revised_Jaguar_SS100/Revised_Jag_Texture.Revised_Jag_Texture","0","0","15","1","0.000000","0","0"
"/Game/Stephens_Folder/Car_Models/Jaguar_SS100/mesh3ds_index_2Mat.mesh3ds_index_2Mat","0","0","15","1","0.000000","0","0"
"/Game/Stephens_Folder/Car_Models/Jaguar_SS100/mesh3ds_index_1Mat.mesh3ds_index_1Mat","0","0","15","1","0.000000","0","0"
"/Game/Stephens_Folder/Car_Models/Jaguar_SS100/mesh3ds_index_0Mat.mesh3ds_index_0Mat","0","0","15","1","0.000000","0","0"
"/Game/Stephens_Folder/Car_Models/Ford_PickUo_Revised/Black_Tire.Black_Tire","0","0","24","1","0.000000","0","0"
"/Game/Stephens_Folder/Car_Models/Ford_TruckUved/Black_Tire.Black_Tire","0","0","15","1","0.000000","0","0"
"/Game/Stephens_Folder/Car_Models/Ford_TruckUved/m415_headlights.m415_headlights","0","0","15","1","0.000000","0","0"
"/Game/Stephens_Folder/Car_Models/Ford_TruckUved/m415_chrome.m415_chrome","0","0","15","1","0.000000","0","0"
"/Game/Stephens_Folder/Car_Models/Ford_TruckUved/Car_Seat.Car_Seat","0","0","15","1","0.000000","0","0"
"/Game/Stephens_Folder/Car_Models/Ford_TruckUved/Car_Chrome.Car_Chrome","0","0","15","1","0.000000","0","0"
"/Game/Stephens_Folder/Car_Models/Ford_TruckUved/Car_Body.Car_Body","0","0","15","1","0.000000","0","0"
"/Game/Stephens_Folder/Car_Models/Ford_TruckUved/tier.tier","0","0","15","1","0.000000","0","0"
"/Game/Stephens_Folder/Car_Models/Ford_TruckUved/rim.rim","0","0","15","1","0.000000","0","0"
"/Game/Stephens_Folder/Car_Models/Ford_TruckUved/Car_Glass.Car_Glass","0","0","15","1","0.000000","0","0"
"/Game/Stephens_Folder/Car_Models/Ford_PickUo_Revised/tier.tier","0","0","24","1","0.000000","0","0"
"/Game/Stephens_Folder/Car_Models/Ford_PickUo_Revised/rim.rim","0","0","15","1","0.000000","0","0"
"/Game/Stephens_Folder/Car_Models/Ford_PickUo_Revised/m415_headlights.m415_headlights","0","0","24","1","0.000000","0","0"
"/Game/Stephens_Folder/Car_Models/Ford_PickUo_Revised/m415_chrome.m415_chrome","0","0","24","1","0.000000","0","0"
"/Game/Stephens_Folder/Car_Models/Ford_PickUo_Revised/Car_Seat.Car_Seat","0","0","24","1","0.000000","0","0"
"/Game/Stephens_Folder/Car_Models/Ford_PickUo_Revised/Car_Glass.Car_Glass","0","0","24","1","0.000000","0","0"
"/Game/Stephens_Folder/Car_Models/Ford_PickUo_Revised/Car_Chrome.Car_Chrome","0","0","24","1","0.000000","0","0"
"/Game/Stephens_Folder/Car_Models/Ford_PickUo_Revised/Car_Body.Car_Body","0","0","24","1","0.000000","0","0"
"/Game/Stephens_Folder/Car_Models/Ford_PickUo/tier.tier","0","0","24","1","0.000000","0","0"
"/Game/Stephens_Folder/Car_Models/Ford_PickUo/rim.rim","0","0","24","1","0.000000","0","0"
"/Game/Stephens_Folder/Car_Models/Ford_PickUo/Black_Tire.Black_Tire","0","0","24","1","0.000000","0","0"
"/Game/Stephens_Folder/Prop_Models/Cars/Textures/Coup_3.Coup_3","0","0","24","1","0.000000","0","0"
"/Game/Stephens_Folder/Car_Models/Ford_PickUo/m415_headlights.m415_headlights","0","0","24","1","0.000000","0","0"
"/Game/Stephens_Folder/Car_Models/Ford_PickUo/m415_chrome.m415_chrome","0","0","24","1","0.000000","0","0"
"/Game/Stephens_Folder/Car_Models/Ford_PickUo/Car_Glass.Car_Glass","0","0","24","1","0.000000","0","0"
"/Game/Stephens_Folder/Car_Models/Ford_PickUo/Car_Body.Car_Body","0","0","24","1","0.000000","0","0"
"/Game/Stephens_Folder/Car_Models/Jaguar_SS100/Glass.Glass","0","0","47","1","0.000000","0","0"
"/Game/Stephens_Folder/Prop_Models/Test_Models/Chrome.Chrome","0","0","24","1","0.000000","0","0"
"/Game/Stephens_Folder/Prop_Models/Test_Models/Blue_Body_Color.Blue_Body_Color","0","0","24","1","0.000000","0","0"
"/Game/Stephens_Folder/Prop_Models/Test_Models/Bage_Material.Bage_Material","0","0","24","1","0.000000","0","0"
"/Game/Stephens_Folder/Prop_Models/Swing_Set/Top.Top","0","0","24","1","0.000000","0","0"
"/Game/Stephens_Folder/Hero_Models/MoiveScreen/MoiveScreen2.MoiveScreen2","0","0","24","1","0.000000","0","0"
"/Game/Stephens_Folder/Prop_Models/Swing_Set/Seat.Seat","0","0","24","1","0.000000","0","0"
"/Game/Stephens_Folder/Prop_Models/Swing_Set/Main_Chain.Main_Chain","0","0","24","1","0.000000","0","0"
"/Game/Stephens_Folder/Prop_Models/Swing_Set/Chains.Chains","0","0","24","1","0.000000","0","0"
"/Game/Stephens_Folder/Prop_Models/Cars/Textures/Coupe_1.Coupe_1","0","0","24","1","0.000000","0","0"
"/Game/Stephens_Folder/Hero_Model_Texture/UFO_1/UFO_Material.UFO_Material","0","0","24","1","0.000000","0","0"
"/Game/Stephens_Folder/Car_Models/Volks_Van/White_Top.White_Top","0","24","24","1","25.521206","0","0"
"/Game/Stephens_Folder/Car_Models/Volks_Van/Volt_Chrome.Volt_Chrome","0","24","24","1","25.687492","0","0"
"/Game/Stephens_Folder/Car_Models/Volks_Van/Volk_Redlight.Volk_Redlight","0","24","24","1","25.024475","0","0"
"/Game/Stephens_Folder/Car_Models/Volks_Van/SeaFoam_Green.SeaFoam_Green","0","24","24","1","24.122696","0","0"
"/Game/Stephens_Folder/Car_Models/Volks_Van/Black_Rubber.Black_Rubber","0","24","24","1","24.227018","0","0"
"/Game/Stephens_Folder/Car_Models/Updated_Jaguar/Jaguar_Main.Jaguar_Main","0","15","15","1","12.861131","0","0"
"/Game/Stephens_Folder/Car_Models/Ford_PickUp_Revised2/Revised_Car_Chrome.Revised_Car_Chrome","0","0","24","1","0.000000","0","0"
"/Game/Stephens_Folder/Car_Models/Ford_PickUp_Revised2/Revised_Black_Tires.Revised_Black_Tires","0","0","24","1","0.000000","0","0"
"/Game/Stephens_Folder/Car_Models/Ford_PickUp_Revised2/Revised_Car_Seats.Revised_Car_Seats","0","0","24","1","0.000000","0","0"
"/Game/Stephens_Folder/Car_Models/Revised_Jaguar_SS100/Revised_Jaguar3.Revised_Jaguar3","0","0","15","1","0.000000","0","0"
"/Game/Stephens_Folder/Car_Models/Ford_PickUo_Revised/Car_Color.Car_Color","0","0","24","1","0.000000","0","0"
"/Game/Stephens_Folder/Car_Models/Ford_PickUo/Car_Chrome.Car_Chrome","0","0","24","1","0.000000","0","0"
"/Game/Stephens_Folder/Car_Models/Revised_Jaguar_SS100/Revised_Jaguar2.Revised_Jaguar2","0","0","15","1","0.000000","0","0"
"/Game/Stephens_Folder/Hero_Models/UFO_1_Revised/MainShip_RevisedUvs.MainShip_RevisedUvs","0","0","15","1","0.000000","0","0"
"/Game/Stephens_Folder/Hero_Model_Texture/UFO_1_Revised/UFO1_ReviseTextures.UFO1_ReviseTextures","0","0","15","1","0.000000","0","0"
"/Game/Stephens_Folder/Car_Models/Jaguar_SS100/Revised_Jaguar_Texture.Revised_Jaguar_Texture","0","0","24","1","0.000000","0","0"
"/Game/Stephens_Folder/Hero_Models/Gun1_RevisedPivot/GunMainMaterial.GunMainMaterial","0","0","15","1","0.000000","0","0"
"/Game/Stephens_Folder/Hero_Models/Gun_1_Revised/GunMainMaterial.GunMainMaterial","0","0","24","1","0.000000","0","0"
"/Game/Stephens_Folder/Car_Models/Jaguar_SS100/Jaguar_Texture.Jaguar_Texture","0","0","24","1","0.000000","0","0"
"/Game/Stephens_Folder/Hero_Model_Texture/Gun_1_Revised/Gun1_RevisedTextures.Gun1_RevisedTextures","0","0","24","1","0.000000","0","0"
"/Game/Stephens_Folder/Car_Models/Ford_TruckUved/Body_Base.Body_Base","0","0","15","1","0.000000","0","0"
"/Game/Stephens_Folder/Car_Models/Ford_TruckUved/Base_Seat.Base_Seat","0","0","15","1","0.000000","0","0"
"/Game/Stephens_Folder/Car_Models/Ford_TruckUved/Base_Rubber.Base_Rubber","0","0","15","1","0.000000","0","0"
"/Game/Stephens_Folder/Car_Models/Ford_TruckUved/Base_Glass.Base_Glass","0","0","15","1","0.000000","0","0"
"/Game/Stephens_Folder/Car_Models/Ford_TruckUved/Base_Chrome.Base_Chrome","0","0","15","1","0.000000","0","0"
"/Game/Stephens_Folder/Prop_Models/Swing_Set/SwingSet_Seat.SwingSet_Seat","0","0","15","1","0.000000","0","0"
"/Game/Stephens_Folder/Prop_Models/Swing_Set/SwingSet_Top.SwingSet_Top","0","0","15","1","0.000000","0","0"
"/Game/Stephens_Folder/Prop_Models/Swing_Set/SwingSet_MainChain.SwingSet_MainChain","0","0","15","1","0.000000","0","0"
"/Game/Stephens_Folder/Prop_Models/Test_Models/RearLights.RearLights","0","0","24","1","0.000000","0","0"
"/Game/Stephens_Folder/Prop_Models/Test_Models/lambert1.lambert1","0","0","24","1","0.000000","0","0"
"/Game/Stephens_Folder/Prop_Models/Test_Models/Headlights1.Headlights1","0","0","24","1","0.000000","0","0"
"/Game/Stephens_Folder/Prop_Models/Test_Models/Bulb.Bulb","0","0","24","1","0.000000","0","0"
"/Game/Stephens_Folder/Prop_Models/Test_Models/Upholstry.Upholstry","0","0","24","1","0.000000","0","0"
"/Game/Stephens_Folder/Prop_Models/Test_Models/Floor.Floor","0","0","24","1","0.000000","0","0"
"/Game/Stephens_Folder/Prop_Models/Test_Models/aiStandardSurface17.aiStandardSurface17","0","0","24","1","0.000000","0","0"
"/Game/Stephens_Folder/Prop_Models/Test_Models/Rubber1.Rubber1","0","0","24","1","0.000000","0","0"
"/Game/Stephens_Folder/Prop_Models/Test_Models/WhiteWalls.WhiteWalls","0","0","24","1","0.000000","0","0"
"/Game/Stephens_Folder/Prop_Models/Test_Models/Glass.Glass","0","0","24","1","0.000000","0","0"
"/Game/Stephens_Folder/Prop_Models/Test_Models/Sticker.Sticker","0","0","15","1","0.000000","0","0"
"/Game/Stephens_Folder/Prop_Models/Test_Models/Mirror1.Mirror1","0","0","24","1","0.000000","0","0"
"/Game/StarterContent/Materials/M_CobbleStone_Rough.M_CobbleStone_Rough","0","0","24","1","0.000000","0","0"
"/Game/StarterContent/Materials/M_CobbleStone_Smooth.M_CobbleStone_Smooth","0","0","24","1","0.000000","0","0"
"/Game/StarterContent/Materials/M_Concrete_Grime.M_Concrete_Grime","0","0","24","1","0.000000","0","0"
"/Game/StarterContent/Materials/M_Concrete_Panels.M_Concrete_Panels","0","0","24","1","0.000000","0","0"
"/Game/StarterContent/Materials/M_Concrete_Poured.M_Concrete_Poured","0","0","24","1","0.000000","0","0"
"/Game/StarterContent/Materials/M_Concrete_Tiles.M_Concrete_Tiles","0","0","24","1","0.000000","0","0"
"/Game/StarterContent/Materials/M_Ground_Grass.M_Ground_Grass","0","0","24","1","0.000000","0","0"
"/Game/StarterContent/Materials/M_Ground_Gravel.M_Ground_Gravel","0","0","24","1","0.000000","0","0"
"/Game/StarterContent/Materials/M_Ground_Moss.M_Ground_Moss","0","0","24","1","0.000000","0","0"
"/Game/StarterContent/Materials/M_Metal_Brushed_Nickel.M_Metal_Brushed_Nickel","0","0","24","1","0.000000","0","0"
"/Game/StarterContent/Materials/M_Metal_Burnished_Steel.M_Metal_Burnished_Steel","0","0","24","1","0.000000","0","0"
"/Game/StarterContent/Materials/M_Metal_Chrome.M_Metal_Chrome","0","0","24","1","0.000000","0","0"
"/Game/StarterContent/Materials/M_Metal_Copper.M_Metal_Copper","0","0","24","1","0.000000","0","0"
"/Game/StarterContent/Materials/M_Metal_Gold.M_Metal_Gold","0","0","24","1","0.000000","0","0"
"/Game/StarterContent/Materials/M_Metal_Rust.M_Metal_Rust","0","0","24","1","0.000000","0","0"
"/Game/StarterContent/Materials/M_Metal_Steel.M_Metal_Steel","0","0","24","1","0.000000","0","0"
"/Game/StarterContent/Materials/M_Rock_Basalt.M_Rock_Basalt","0","0","24","1","0.000000","0","0"
"/Game/StarterContent/Materials/M_Rock_Marble_Polished.M_Rock_Marble_Polished","0","0","24","1","0.000000","0","0"
"/Game/StarterContent/Materials/M_Rock_Sandstone.M_Rock_Sandstone","0","0","24","1","0.000000","0","0"
"/Game/StarterContent/Materials/M_Rock_Slate.M_Rock_Slate","0","0","24","1","0.000000","0","0"
"/Game/StarterContent/Materials/M_Tech_Checker_Dot.M_Tech_Checker_Dot","0","0","24","1","0.000000","0","0"
"/Game/StarterContent/Materials/M_Tech_Hex_Tile.M_Tech_Hex_Tile","0","0","24","1","0.000000","0","0"
"/Game/StarterContent/Materials/M_Tech_Hex_Tile_Pulse.M_Tech_Hex_Tile_Pulse","0","0","24","1","0.000000","0","0"
"/Game/StarterContent/Materials/M_Tech_Panel.M_Tech_Panel","0","0","24","1","0.000000","0","0"
"/Game/StarterContent/Materials/M_Water_Lake.M_Water_Lake","0","0","24","1","0.000000","0","0"
"/Game/StarterContent/Materials/M_Water_Ocean.M_Water_Ocean","0","0","24","1","0.000000","0","0"
"/Game/StarterContent/Materials/M_Wood_Floor_Walnut_Polished.M_Wood_Floor_Walnut_Polished","0","0","24","1","0.000000","0","0"
"/Game/StarterContent/Materials/M_Wood_Floor_Walnut_Worn.M_Wood_Floor_Walnut_Worn","0","0","24","1","0.000000","0","0"
"/Game/StarterContent/Materials/M_Wood_Oak.M_Wood_Oak","0","0","24","1","0.000000","0","0"
"/Game/StarterContent/Materials/M_Wood_Pine.M_Wood_Pine","0","0","24","1","0.000000","0","0"
"/Game/StarterContent/Materials/M_Wood_Walnut.M_Wood_Walnut","0","0","24","1","0.000000","0","0"
"/Game/StarterContent/Props/Materials/M_Chair.M_Chair","0","0","24","1","0.000000","0","0"
"/Game/StarterContent/Materials/M_Basic_Floor.M_Basic_Floor","0","0","24","1","0.000000","0","0"
"/Game/StarterContent/Particles/Materials/M_Dust_Particle.M_Dust_Particle","0","0","143","1","0.000000","0","0"
"/Game/StarterContent/Props/Materials/M_Frame.M_Frame","0","0","24","1","0.000000","0","0"
"/Game/StarterContent/Materials/M_Glass.M_Glass","0","0","45","1","0.000000","0","0"
"/Game/StarterContent/Props/Materials/M_Statue.M_Statue","0","0","24","1","0.000000","0","0"
"/Game/StarterContent/Props/Materials/M_StatueGlass.M_StatueGlass","0","0","45","1","0.000000","0","0"
"/Game/StarterContent/Props/Materials/M_TableRound.M_TableRound","0","0","24","1","0.000000","0","0"
"/Game/DustinsFolder/FireflyMat.FireflyMat","0","0","143","1","0.000000","0","0"
"/Game/MadisonsFolder/Meshes/Imports/Slats.Slats","0","15","15","1","11.707072","0","0"
"/Game/VehicleVarietyPack/Materials/Masters/M_Blank.M_Blank","0","0","24","1","0.000000","0","0"
"/Game/Stephens_Folder/Prop_Models/Test_Models/pasted__Light.pasted__Light","0","0","15","1","0.000000","0","0"
"/Game/Stephens_Folder/Prop_Models/Cars/Textures/Coupe_2.Coupe_2","0","0","15","1","0.000000","0","0"
"/Game/Stephens_Folder/Prop_Models/Cars/Test/WhiteWalls.WhiteWalls","0","0","15","1","0.000000","0","0"
"/Game/Stephens_Folder/Prop_Models/Cars/Test/Upholstry.Upholstry","0","0","15","1","0.000000","0","0"
"/Game/Stephens_Folder/Prop_Models/Cars/Test/Sticker.Sticker","0","0","15","1","0.000000","0","0"
"/Game/Stephens_Folder/Prop_Models/Cars/Test/Rubber1.Rubber1","0","0","15","1","0.000000","0","0"
"/Game/Stephens_Folder/Prop_Models/Cars/Test/RearLights.RearLights","0","0","15","1","0.000000","0","0"
"/Game/Stephens_Folder/Prop_Models/Cars/Test/pasted__Light.pasted__Light","0","0","15","1","0.000000","0","0"
"/Game/Stephens_Folder/Prop_Models/Cars/Test/Mirror1.Mirror1","0","0","15","1","0.000000","0","0"
"/Game/Stephens_Folder/Prop_Models/Cars/Test/lambert1.lambert1","0","0","15","1","0.000000","0","0"
"/Game/Stephens_Folder/Prop_Models/Cars/Test/Headlights1.Headlights1","0","0","15","1","0.000000","0","0"
"/Game/Stephens_Folder/Prop_Models/Cars/Test/Glass.Glass","0","0","15","1","0.000000","0","0"
"/Game/Stephens_Folder/Prop_Models/Cars/Test/Floor.Floor","0","0","15","1","0.000000","0","0"
"/Game/Stephens_Folder/Prop_Models/Cars/Test/Chrome.Chrome","0","0","15","1","0.000000","0","0"
"/Game/Stephens_Folder/Prop_Models/Cars/Test/Bulb.Bulb","0","0","15","1","0.000000","0","0"
"/Game/Stephens_Folder/Prop_Models/Cars/Test/aiStandardSurface17.aiStandardSurface17","0","0","15","1","0.000000","0","0"
"/Game/Stephens_Folder/Hero_Models/TestImportofGun1/GunMainMaterial.GunMainMaterial","0","0","15","1","0.000000","0","0"
"/Game/Stephens_Folder/Car_Models/Volks_Van/Volks_Van.Volks_Van","0","15","15","1","10.778110","0","0"
"/Game/Stephens_Folder/Car_Models/Ford_PickUp_Revised2/Revised_Car_Glass.Revised_Car_Glass","0","0","15","1","0.000000","0","0"
"/Game/Stephens_Folder/Car_Models/Ford_PickUp_Revised2/Revised_Car_Body.Revised_Car_Body","0","0","24","1","0.000000","0","0"
"/Game/StarterContent/Props/Materials/M_Shelf.M_Shelf","0","0","24","1","0.000000","0","0"
"/Game/StarterContent/Props/Materials/M_Rock.M_Rock","0","0","24","1","0.000000","0","0"
"/Game/StarterContent/Props/Materials/M_MaterialSphere_Plain.M_MaterialSphere_Plain","0","0","15","1","0.000000","0","0"
"/Game/StarterContent/Props/Materials/M_MaterialSphere.M_MaterialSphere","0","0","15","1","0.000000","0","0"
"/Game/StarterContent/Props/Materials/M_Door.M_Door","0","0","48","1","0.000000","0","0"
"/Game/StarterContent/Props/Materials/M_Bush.M_Bush","0","0","51","1","0.000000","0","0"
"/Game/StarterContent/Materials/M_ColorGrid_LowSpec.M_ColorGrid_LowSpec","0","0","24","1","0.000000","0","0"
"/Game/RobertFunZone/Levels/screen3.screen3","0","0","15","1","0.000000","0","0"
"/Game/RobertFunZone/Levels/Screen2.Screen2","0","0","15","1","0.000000","0","0"
"/Game/RobertFunZone/Levels/Screen.Screen","0","0","15","1","0.000000","0","0"
"/Game/RobertFunZone/Levels/M_Wood_Floor_Walnut_Worn.M_Wood_Floor_Walnut_Worn","0","0","15","1","0.000000","0","0"
"/Game/RobertFunZone/Levels/M_Metal_Copper.M_Metal_Copper","0","0","15","1","0.000000","0","0"
"/Game/RobertFunZone/Levels/M_Basic_Wall.M_Basic_Wall","0","0","15","1","0.000000","0","0"
"/Game/RobertFunZone/Levels/BasicShapeMaterial.BasicShapeMaterial","0","0","15","1","0.000000","0","0"
"/Game/RobertFunZone/Characters/OLDship_parts/MainShip_RevisedUvs.MainShip_RevisedUvs","0","0","15","1","0.000000","0","0"
"/Game/RobertFunZone/Characters/NEWship_parts/MainShip_RevisedUvs.MainShip_RevisedUvs","0","0","15","1","0.000000","0","0"
"/Game/Movies/AlienMat1.AlienMat1","0","24","24","1","16.512695","0","0"
"/Game/MadisonsFolder/PN_interactiveSpruceForest/Materials/MasterMaterials/MA_Summer.MA_Summer","0","0","909","9","0.000000","0","3232"
"/Game/MadisonsFolder/PN_interactiveSpruceForest/Materials/MasterMaterials/MA_Imposter.MA_Imposter","0","0","202","2","0.000000","0","1111"
"/Game/MadisonsFolder/PN_interactiveSpruceForest/Materials/MasterMaterials/MA_GroundSummer.MA_GroundSummer","0","0","77","1","0.000000","0","0"
"/Game/MadisonsFolder/PN_interactiveSpruceForest/Materials/MasterMaterials/MA_Winter.MA_Winter","0","0","101","1","0.000000","0","0"
"/Game/MadisonsFolder/PN_interactiveSpruceForest/Materials/MasterMaterials/MA_GroundWinter.MA_GroundWinter","0","102","0","1","0.000000","0","0"
"/Game/MadisonsFolder/NaturePackage/Materials/flora/invisible.invisible","0","0","38","1","0.000000","0","0"
"/Game/MadisonsFolder/NaturePackage/Materials/BaseMaterial/Gray_M2.Gray_M2","0","0","30","1","0.000000","0","0"
"/Game/DustinsFolder/UFOTrailMatgreenyellow.UFOTrailMatgreenyellow","0","0","143","1","0.000000","0","0"
"/Game/DustinsFolder/UFOTrailMatgreen.UFOTrailMatgreen","0","0","143","1","0.000000","0","0"
"/Game/DustinsFolder/ekect.ekect","0","0","143","1","0.000000","0","0"
"/Game/DustinsFolder/ball.ball","0","0","143","1","0.000000","0","0"
